[
  {
    "name": "Vegetable Stir-Fry",
    "ingredients": [
      "broccoli",
      "bell peppers",
      "carrots",
      "soy sauce",
      "ginger",
      "garlic",
      "sesame oil"
    ],
    "meal_type": "lunch",
    "dietary_restrictions": [
      "vegan",
      "gluten-free"
    ],
    "prep_time": 10,
    "cook_time": 10,
    "instructions": "1. Chop all vegetables into bite-sized pieces.\n2. Heat sesame oil in a pan over medium heat.\n3. Add garlic and ginger, saut\u00e9 for 1 minute.\n4. Add vegetables and stir-fry for 5-7 minutes.\n5. Pour in soy sauce and cook for another 2 minutes.\n6. Serve hot over rice or noodles.",
    "rating": 4.5
  },
  {
    "name": "Chicken Tikka Masala",
    "ingredients": [
      "chicken breast",
      "yogurt",
      "tikka masala paste",
      "coconut milk",
      "onion",
      "cilantro"
    ],
    "meal_type": "dinner",
    "dietary_restrictions": [
      "gluten-free"
    ],
    "prep_time": 20,
    "cook_time": 30,
    "instructions": "1. Marinate chicken in yogurt and tikka masala paste for at least 1 hour.\n2. Saut\u00e9 chopped onion in a pan until golden.\n3. Add marinated chicken and cook until browned.\n4. Stir in coconut milk and simmer for 20 minutes.\n5. Garnish with cilantro and serve with rice.",
    "rating": 4.8
  },
  {
    "name": "Quinoa Salad",
    "ingredients": [
      "quinoa",
      "cucumber",
      "cherry tomatoes",
      "feta cheese",
      "olive oil",
      "lemon juice",
      "parsley"
    ],
    "meal_type": "lunch",
    "dietary_restrictions": [
      "vegetarian",
      "gluten-free"
    ],
    "prep_time": 15,
    "cook_time": 15,
    "instructions": "1. Cook quinoa according to package instructions and let cool.\n2. Chop cucumber and cherry tomatoes.\n3. In a bowl, mix quinoa, vegetables, and crumbled feta.\n4. Drizzle with olive oil and lemon juice, then toss.\n5. Garnish with chopped parsley and serve.",
    "rating": 4.6
  },
  {
    "name": "Beef Tacos",
    "ingredients": [
      "ground beef",
      "taco seasoning",
      "taco shells",
      "lettuce",
      "tomato",
      "cheese",
      "sour cream"
    ],
    "meal_type": "dinner",
    "dietary_restrictions": [
      "gluten-free"
    ],
    "prep_time": 10,
    "cook_time": 15,
    "instructions": "1. Cook ground beef in a skillet until browned.\n2. Add taco seasoning and water, simmer for 5 minutes.\n3. Fill taco shells with beef mixture.\n4. Top with lettuce, diced tomato, cheese, and sour cream.\n5. Serve immediately.",
    "rating": 4.4
  },
  {
    "name": "Caprese Salad",
    "ingredients": [
      "mozzarella cheese",
      "tomatoes",
      "basil",
      "olive oil",
      "balsamic vinegar",
      "salt",
      "pepper"
    ],
    "meal_type": "appetizer",
    "dietary_restrictions": [
      "vegetarian"
    ],
    "prep_time": 10,
    "cook_time": 0,
    "instructions": "1. Slice mozzarella and tomatoes.\n2. Layer mozzarella, tomato, and basil leaves on a plate.\n3. Drizzle with olive oil and balsamic vinegar.\n4. Season with salt and pepper to taste.\n5. Serve chilled.",
    "rating": 4.9
  },
  {
    "name": "Lentil Soup",
    "ingredients": [
      "lentils",
      "carrots",
      "celery",
      "onion",
      "vegetable broth",
      "thyme",
      "bay leaf"
    ],
    "meal_type": "dinner",
    "dietary_restrictions": [
      "vegan",
      "gluten-free"
    ],
    "prep_time": 10,
    "cook_time": 30,
    "instructions": "1. Saut\u00e9 chopped onion, carrots, and celery in a pot.\n2. Add lentils, vegetable broth, thyme, and bay leaf.\n3. Bring to a boil, then simmer for 25 minutes.\n4. Remove bay leaf and blend if desired for a smoother texture.\n5. Serve hot.",
    "rating": 4.3
  },
  {
    "name": "Butter Chicken",
    "ingredients": [
      "chicken",
      "butter",
      "cream",
      "tomato puree",
      "garam masala",
      "ginger",
      "garlic"
    ],
    "meal_type": "dinner",
    "dietary_restrictions": [
      "gluten-free"
    ],
    "prep_time": 15,
    "cook_time": 30,
    "instructions": "1. Marinate chicken in yogurt and spices for 1 hour.\n2. Cook chicken in butter until browned.\n3. Add ginger, garlic, and tomato puree, simmer for 15 minutes.\n4. Stir in cream and cook for another 5 minutes.\n5. Serve with naan or rice.",
    "rating": 4.8
  },
  {
    "name": "Palak Paneer",
    "ingredients": [
      "spinach",
      "paneer",
      "onion",
      "tomato",
      "ginger",
      "garlic",
      "spices"
    ],
    "meal_type": "dinner",
    "dietary_restrictions": [
      "vegetarian"
    ],
    "prep_time": 10,
    "cook_time": 20,
    "instructions": "1. Blanch spinach and blend into a puree.\n2. Saut\u00e9 onion, ginger, and garlic in a pan.\n3. Add tomato and spices, cook until soft.\n4. Stir in spinach puree and paneer, simmer for 5 minutes.\n5. Serve with roti or rice.",
    "rating": 4.7
  },
  {
    "name": "Chole Bhature",
    "ingredients": [
      "chickpeas",
      "onion",
      "tomato",
      "spices",
      "flour",
      "yogurt",
      "oil"
    ],
    "meal_type": "lunch",
    "dietary_restrictions": [
      "vegetarian"
    ],
    "prep_time": 20,
    "cook_time": 30,
    "instructions": "1. Soak chickpeas overnight and cook until soft.\n2. Saut\u00e9 onion and tomato with spices.\n3. Add cooked chickpeas and simmer.\n4. For bhature, knead flour and yogurt, roll out, and deep fry.\n5. Serve together.",
    "rating": 4.6
  },
  {
    "name": "Biryani",
    "ingredients": [
      "basmati rice",
      "chicken",
      "yogurt",
      "onion",
      "spices",
      "saffron",
      "cilantro"
    ],
    "meal_type": "dinner",
    "dietary_restrictions": [
      "gluten-free"
    ],
    "prep_time": 30,
    "cook_time": 45,
    "instructions": "1. Marinate chicken in yogurt and spices.\n2. Cook rice until 70% done.\n3. Layer chicken and rice in a pot, add saffron and cilantro.\n4. Cook on low heat until fully cooked.\n5. Serve with raita.",
    "rating": 4.9
  },
  {
    "name": "Aloo Gobi",
    "ingredients": [
      "potatoes",
      "cauliflower",
      "onion",
      "tomato",
      "spices",
      "ginger",
      "cilantro"
    ],
    "meal_type": "dinner",
    "dietary_restrictions": [
      "vegan",
      "gluten-free"
    ],
    "prep_time": 10,
    "cook_time": 20,
    "instructions": "1. Saut\u00e9 onion and ginger in a pan.\n2. Add potatoes and cauliflower, cook for 5 minutes.\n3. Add tomatoes and spices, cover and cook until tender.\n4. Garnish with cilantro and serve with roti.",
    "rating": 4.5
  },
  {
    "name": "Dal Makhani",
    "ingredients": [
      "black lentils",
      "kidney beans",
      "cream",
      "butter",
      "onion",
      "tomato",
      "spices"
    ],
    "meal_type": "dinner",
    "dietary_restrictions": [
      "vegetarian"
    ],
    "prep_time": 15,
    "cook_time": 60,
    "instructions": "1. Soak lentils and beans overnight, then cook until soft.\n2. Saut\u00e9 onion and tomato with spices.\n3. Add cooked lentils and beans, simmer with cream and butter.\n4. Serve with naan or rice.",
    "rating": 4.8
  },
  {
    "name": "Paneer Tikka",
    "ingredients": [
      "paneer",
      "yogurt",
      "bell peppers",
      "onion",
      "spices",
      "lemon juice",
      "skewers"
    ],
    "meal_type": "snack",
    "dietary_restrictions": [
      "vegetarian"
    ],
    "prep_time": 20,
    "cook_time": 15,
    "instructions": "1. Marinate paneer and vegetables in yogurt and spices for 1 hour.\n2. Thread onto skewers.\n3. Grill or bake until charred.\n4. Serve with mint chutney.",
    "rating": 4.7
  },
  {
    "name": "Rogan Josh",
    "ingredients": [
      "lamb",
      "yogurt",
      "onion",
      "garlic",
      "ginger",
      "spices",
      "tomato"
    ],
    "meal_type": "dinner",
    "dietary_restrictions": [
      "gluten-free"
    ],
    "prep_time": 15,
    "cook_time": 60,
    "instructions": "1. Marinate lamb in yogurt and spices.\n2. Saut\u00e9 onion, garlic, and ginger in a pot.\n3. Add lamb and brown.\n4. Stir in tomatoes and simmer until tender.\n5. Serve with rice or naan.",
    "rating": 4.8
  },
  {
    "name": "Pav Bhaji",
    "ingredients": [
      "mixed vegetables",
      "potatoes",
      "onion",
      "tomato",
      "butter",
      "pav bread",
      "spices"
    ],
    "meal_type": "snack",
    "dietary_restrictions": [
      "vegetarian"
    ],
    "prep_time": 15,
    "cook_time": 30,
    "instructions": "1. Boil and mash mixed vegetables and potatoes.\n2. Saut\u00e9 onion and tomato with spices.\n3. Add mashed vegetables and cook with butter.\n4. Serve with buttered pav bread.",
    "rating": 4.6
  },
  {
    "name": "Dhokla",
    "ingredients": [
      "gram flour",
      "yogurt",
      "ginger",
      "green chili",
      "mustard seeds",
      "curry leaves",
      "sugar"
    ],
    "meal_type": "snack",
    "dietary_restrictions": [
      "vegetarian",
      "gluten-free"
    ],
    "prep_time": 15,
    "cook_time": 20,
    "instructions": "1. Mix gram flour, yogurt, and water to form a batter.\n2. Add ginger, chili, and sugar.\n3. Steam the batter for 15-20 minutes.\n4. Temper with mustard seeds and curry leaves, then serve.",
    "rating": 4.5
  },
  {
    "name": "Kadai Paneer",
    "ingredients": [
      "paneer",
      "bell peppers",
      "onion",
      "tomato",
      "spices",
      "ginger",
      "garlic"
    ],
    "meal_type": "dinner",
    "dietary_restrictions": [
      "vegetarian"
    ],
    "prep_time": 10,
    "cook_time": 20,
    "instructions": "1. Saut\u00e9 onion, ginger, and garlic in a pan.\n2. Add bell peppers and cook for 5 minutes.\n3. Stir in tomatoes and spices, then add paneer.\n4. Cook until paneer is heated through. Serve with roti.",
    "rating": 4.7
  },
  {
    "name": "Masoor Dal",
    "ingredients": [
      "red lentils",
      "onion",
      "tomato",
      "garlic",
      "ginger",
      "spices",
      "cilantro"
    ],
    "meal_type": "dinner",
    "dietary_restrictions": [
      "vegan",
      "gluten-free"
    ],
    "prep_time": 10,
    "cook_time": 20,
    "instructions": "1. Cook lentils with water until soft.\n2. Saut\u00e9 onion, garlic, and ginger in a pan.\n3. Add tomatoes and spices, cook until soft.\n4. Mix in cooked lentils and simmer for 5 minutes. Garnish with cilantro.",
    "rating": 4.6
  },
  {
    "name": "Puri",
    "ingredients": [
      "whole wheat flour",
      "water",
      "salt",
      "oil"
    ],
    "meal_type": "breakfast",
    "dietary_restrictions": [
      "vegetarian"
    ],
    "prep_time": 10,
    "cook_time": 15,
    "instructions": "1. Mix flour, salt, and water to form a dough.\n2. Divide into small balls and roll out into circles.\n3. Heat oil in a pan and deep fry puris until puffed and golden.\n4. Serve hot with curry or chutney.",
    "rating": 4.5
  },
  {
    "name": "Baingan Bharta",
    "ingredients": [
      "eggplant",
      "onion",
      "tomato",
      "ginger",
      "garlic",
      "spices",
      "cilantro"
    ],
    "meal_type": "dinner",
    "dietary_restrictions": [
      "vegan",
      "gluten-free"
    ],
    "prep_time": 15,
    "cook_time": 30,
    "instructions": "1. Roast eggplant until charred, then peel and mash.\n2. Saut\u00e9 onion, ginger, and garlic in a pan.\n3. Add tomatoes and spices, cook until soft.\n4. Stir in mashed eggplant and cook for 5 minutes. Garnish with cilantro.",
    "rating": 4.6
  },
  {
    "name": "Kheer",
    "ingredients": [
      "rice",
      "milk",
      "sugar",
      "cardamom",
      "nuts",
      "raisins"
    ],
    "meal_type": "dessert",
    "dietary_restrictions": [
      "vegetarian"
    ],
    "prep_time": 10,
    "cook_time": 30,
    "instructions": "1. Boil milk in a pot.\n2. Add washed rice and cook until soft.\n3. Stir in sugar and cardamom, cook for 5 minutes.\n4. Garnish with nuts and raisins before serving.",
    "rating": 4.8
  },
  {
    "name": "Tandoori Chicken",
    "ingredients": [
      "chicken",
      "yogurt",
      "tandoori masala",
      "lemon juice",
      "ginger",
      "garlic"
    ],
    "meal_type": "dinner",
    "dietary_restrictions": [
      "gluten-free"
    ],
    "prep_time": 15,
    "cook_time": 45,
    "instructions": "1. Marinate chicken in yogurt, tandoori masala, and lemon juice for at least 1 hour.\n2. Preheat oven to 200\u00b0C.\n3. Bake chicken for 30-40 minutes until cooked through.\n4. Serve with mint chutney.",
    "rating": 4.9
  },
  {
    "name": "Pesarattu",
    "ingredients": [
      "green gram",
      "rice",
      "ginger",
      "green chili",
      "onion",
      "oil"
    ],
    "meal_type": "breakfast",
    "dietary_restrictions": [
      "vegan",
      "gluten-free"
    ],
    "prep_time": 15,
    "cook_time": 20,
    "instructions": "1. Soak green gram and rice overnight, then grind into a batter.\n2. Add ginger and green chili to the batter.\n3. Heat a pan, pour batter, and spread into a circle.\n4. Cook until golden brown on both sides. Serve with chutney.",
    "rating": 4.5
  },
  {
    "name": "Kadai Chicken",
    "ingredients": [
      "chicken",
      "bell peppers",
      "onion",
      "tomato",
      "spices",
      "ginger",
      "garlic"
    ],
    "meal_type": "dinner",
    "dietary_restrictions": [
      "gluten-free"
    ],
    "prep_time": 15,
    "cook_time": 30,
    "instructions": "1. Saut\u00e9 onion, ginger, and garlic in a kadai.\n2. Add chicken and cook until browned.\n3. Stir in bell peppers, tomatoes, and spices, cook until chicken is tender.\n4. Serve with naan or rice.",
    "rating": 4.7
  },
  {
    "name": "Pani Puri",
    "ingredients": [
      "semolina",
      "water",
      "chickpeas",
      "potatoes",
      "pani puri masala",
      "tamarind chutney"
    ],
    "meal_type": "snack",
    "dietary_restrictions": [
      "vegetarian"
    ],
    "prep_time": 20,
    "cook_time": 10,
    "instructions": "1. Mix semolina and water to form a dough, then roll into small puris and fry until puffed.\n2. Boil and mash potatoes, mix with chickpeas and pani puri masala.\n3. Fill puris with the mixture and serve with tamarind chutney.",
    "rating": 4.8
  },
  {
    "name": "Gulab Jamun",
    "ingredients": [
      "milk powder",
      "flour",
      "ghee",
      "sugar",
      "water",
      "rose water",
      "cardamom"
    ],
    "meal_type": "dessert",
    "dietary_restrictions": [
      "vegetarian"
    ],
    "prep_time": 20,
    "cook_time": 30,
    "instructions": "1. Mix milk powder, flour, and ghee to form a dough.\n2. Shape into small balls and deep fry until golden.\n3. Prepare sugar syrup with water, sugar, and cardamom, then add rose water.\n4. Soak fried balls in syrup for at least 30 minutes before serving.",
    "rating": 4.9
  },
  {
    "name": "Bhindi Masala",
    "ingredients": [
      "okra",
      "onion",
      "tomato",
      "spices",
      "ginger",
      "garlic"
    ],
    "meal_type": "dinner",
    "dietary_restrictions": [
      "vegan",
      "gluten-free"
    ],
    "prep_time": 10,
    "cook_time": 20,
    "instructions": "1. Saut\u00e9 chopped onion, ginger, and garlic in a pan.\n2. Add sliced okra and cook until tender.\n3. Stir in tomatoes and spices, cook for another 5 minutes.\n4. Serve with roti or rice.",
    "rating": 4.6
  },
  {
    "name": "Dum Aloo",
    "ingredients": [
      "baby potatoes",
      "yogurt",
      "onion",
      "tomato",
      "spices",
      "ginger",
      "garlic"
    ],
    "meal_type": "dinner",
    "dietary_restrictions": [
      "vegetarian"
    ],
    "prep_time": 15,
    "cook_time": 30,
    "instructions": "1. Boil and peel baby potatoes.\n2. Saut\u00e9 onion, ginger, and garlic in a pot.\n3. Add tomatoes and spices, cook until soft.\n4. Add potatoes and yogurt, cover and cook on low heat for 15 minutes. Serve with naan.",
    "rating": 4.7
  },
  {
    "name": "Chaas (Buttermilk)",
    "ingredients": [
      "yogurt",
      "water",
      "cumin",
      "salt",
      "mint leaves",
      "ginger"
    ],
    "meal_type": "beverage",
    "dietary_restrictions": [
      "vegetarian"
    ],
    "prep_time": 5,
    "cook_time": 0,
    "instructions": "1. Whisk yogurt and water until smooth.\n2. Add cumin, salt, and finely chopped mint and ginger.\n3. Serve chilled.",
    "rating": 4.5
  },
  {
    "name": "Kofta Curry",
    "ingredients": [
      "bottle gourd",
      "gram flour",
      "onion",
      "tomato",
      "spices",
      "cream"
    ],
    "meal_type": "dinner",
    "dietary_restrictions": [
      "vegetarian"
    ],
    "prep_time": 20,
    "cook_time": 30,
    "instructions": "1. Grate bottle gourd and mix with gram flour and spices to form balls.\n2. Deep fry koftas until golden.\n3. Saut\u00e9 onion and tomato with spices, then add cream.\n4. Add koftas to the curry and simmer for 5 minutes. Serve with rice.",
    "rating": 4.6
  },
  {
    "name": "Pongal",
    "ingredients": [
      "rice",
      "moong dal",
      "ginger",
      "black pepper",
      "cumin",
      "ghee",
      "cashews"
    ],
    "meal_type": "breakfast",
    "dietary_restrictions": [
      "vegetarian",
      "gluten-free"
    ],
    "prep_time": 10,
    "cook_time": 30,
    "instructions": "1. Cook rice and moong dal together with water until soft.\n2. In a pan, heat ghee and add cumin, black pepper, and ginger.\n3. Add the cooked rice and dal mixture, stir well.\n4. Garnish with fried cashews and serve hot.",
    "rating": 4.5
  },
  {
    "name": "Kadhi Pakora",
    "ingredients": [
      "yogurt",
      "gram flour",
      "onion",
      "spices",
      "curry leaves",
      "ginger"
    ],
    "meal_type": "dinner",
    "dietary_restrictions": [
      "vegetarian"
    ],
    "prep_time": 15,
    "cook_time": 30,
    "instructions": "1. Mix yogurt, gram flour, and water to make a batter.\n2. Deep fry small balls of the batter until golden.\n3. In a pot, mix yogurt, water, and spices, and bring to a boil.\n4. Add fried pakoras and simmer for 10 minutes. Serve with rice.",
    "rating": 4.6
  },
  {
    "name": "Chole Pulao",
    "ingredients": [
      "chickpeas",
      "rice",
      "onion",
      "tomato",
      "spices",
      "ginger"
    ],
    "meal_type": "dinner",
    "dietary_restrictions": [
      "vegetarian",
      "gluten-free"
    ],
    "prep_time": 15,
    "cook_time": 30,
    "instructions": "1. Soak chickpeas overnight and cook until soft.\n2. Saut\u00e9 onion, ginger, and tomato in a pot.\n3. Add spices and cooked chickpeas, then add rice and water.\n4. Cook until rice is done. Serve with raita.",
    "rating": 4.7
  },
  {
    "name": "Vegetable Biryani",
    "ingredients": [
      "basmati rice",
      "mixed vegetables",
      "onion",
      "spices",
      "yogurt",
      "cilantro"
    ],
    "meal_type": "dinner",
    "dietary_restrictions": [
      "vegetarian",
      "gluten-free"
    ],
    "prep_time": 20,
    "cook_time": 40,
    "instructions": "1. Saut\u00e9 onion in a pot until golden.\n2. Add mixed vegetables and spices, cook for 5 minutes.\n3. Add soaked basmati rice and water, bring to a boil.\n4. Cover and simmer until rice is cooked. Garnish with cilantro.",
    "rating": 4.8
  },
  {
    "name": "Methi Malai Murg",
    "ingredients": [
      "chicken",
      "fenugreek leaves",
      "cream",
      "onion",
      "spices",
      "ginger"
    ],
    "meal_type": "dinner",
    "dietary_restrictions": [
      "gluten-free"
    ],
    "prep_time": 15,
    "cook_time": 30,
    "instructions": "1. Saut\u00e9 onion, ginger, and spices in a pan.\n2. Add chicken and cook until browned.\n3. Stir in cream and chopped fenugreek leaves, simmer for 10 minutes.\n4. Serve with naan or rice.",
    "rating": 4.7
  },
  {
    "name": "Dahi Puri",
    "ingredients": [
      "puri",
      "yogurt",
      "chickpeas",
      "potatoes",
      "tamarind chutney",
      "spices"
    ],
    "meal_type": "snack",
    "dietary_restrictions": [
      "vegetarian"
    ],
    "prep_time": 15,
    "cook_time": 0,
    "instructions": "1. Fill puris with a mixture of chickpeas and mashed potatoes.\n2. Top with yogurt, tamarind chutney, and spices.\n3. Serve immediately for a crunchy snack.",
    "rating": 4.6
  },
  {
    "name": "Omlette",
    "ingredients": [
      "eggs",
      "butter",
      "salt",
      "pepper"
    ],
    "instructions": "1. Heat the pan.\n2. Add butter.\n3. Pour eggs.\n4. Sprinkle some salt and pepper.\n5. Cook for 2 min and ready",
    "meal_type": "breakfast",
    "dietary_restrictions": [],
    "prep_time": 2,
    "cook_time": 10,
    "rating": 4.9
  }
]